{
    "allversions_mccabe": {
        "1.0": 428905,
        "1.5": 493179,
        "2.0": 517472,
        "3.0": 460432,
        "3.5": 449212,
        "3.6": 468453,
        "4.0": 545155,
        "5.0": 546526,
        "6.0": 541803,
        "7.0": 541378,
        "8.0": 539401,
        "9.0": 548753,
        "10.0": 584728,
        "11.0": 603022,
        "12.0": 728918,
        "13.0": 736074,
        "14.0": 760166,
        "15.0": 691068,
        "16.0": 709002,
        "17.0": 710717
    },
    "allversions_mccabe_per_kloc": {
        "1.0": 195.649060129,
        "1.5": 209.967673308,
        "2.0": 209.786768083,
        "3.0": 216.12396129,
        "3.5": 218.063971814,
        "3.6": 211.111005958,
        "4.0": 210.979829097,
        "5.0": 210.590685514,
        "6.0": 210.142316525,
        "7.0": 209.555564673,
        "8.0": 208.975468092,
        "9.0": 209.330341118,
        "10.0": 210.41389133,
        "11.0": 209.840645242,
        "12.0": 200.065268687,
        "13.0": 200.041308726,
        "14.0": 198.890693922,
        "15.0": 206.828066471,
        "16.0": 167.899664,
        "17.0": 165.5166327
    },
    "allversions_loc_code": {
        "1.0": 2192216,
        "1.5": 2348833,
        "2.0": 2466657,
        "3.0": 2130407,
        "3.5": 2060001,
        "3.6": 2218989,
        "4.0": 2583920,
        "5.0": 2595205,
        "6.0": 2578267,
        "7.0": 2583458,
        "8.0": 2581169,
        "9.0": 2621469,
        "10.0": 2778942,
        "11.0": 2873714,
        "12.0": 3643401,
        "13.0": 3679610,
        "14.0": 3822029,
        "15.0": 3341268,
        "16.0": 4222772,
        "17.0": 4293931
    },
    "allversions_dependencies_density": {
        "1.0": 0.0010489,
        "1.5": 0.0010243,
        "2.0": 0.0010181,
        "3.0": 0.0011906,
        "3.5": 0.0012285,
        "3.6": 0.0011224,
        "4.0": 0.00098379,
        "5.0": 0.00099369,
        "6.0": 0.00099369,
        "7.0": 0.0010334,
        "8.0": 0.0010374,
        "9.0": 0.0010306,
        "10.0": 0.00091478,
        "11.0": 0.0008257,
        "12.0": 0.00031403,
        "13.0": 0.00030995,
        "14.0": 0.0001053,
        "15.0": 0.00041875,
        "16.0": 0.00023921,
        "17.0": 0.00023452
    },
    "allversions_prop_cost": {
        "1.0": 0.074759,
        "1.5": 0.088304,
        "2.0": 0.10325,
        "3.0": 0.14277,
        "3.5": 0.15903,
        "3.6": 0.16234,
        "4.0": 0.22104,
        "5.0": 0.23625,
        "6.0": 0.24792,
        "7.0": 0.25754,
        "8.0": 0.25891,
        "9.0": 0.25538,
        "10.0": 0.24943,
        "11.0": 0.22627,
        "12.0": 0.085131,
        "13.0": 0.081462,
        "14.0": 0.085516,
        "15.0": 0.12841,
        "16.0": 0.065214,
        "17.0": 0.072526
    },
    "allversions_core_size": {
        "1.0": 2533,
        "1.5": 2577,
        "2.0": 2705,
        "3.0": 990,
        "3.5": 1363,
        "3.6": 1536,
        "4.0": 1491,
        "5.0": 1337,
        "6.0": 1216,
        "7.0": 1177,
        "8.0": 1146,
        "9.0": 1152,
        "10.0": 1586,
        "11.0": 1349,
        "12.0": 7743,
        "13.0": 7768,
        "14.0": 7948,
        "15.0": 2370,
        "16.0": 12898,
        "17.0": 13237
    },
    "allversions_percent_in_core": {
        "1.0": 0.270359,
        "1.5": 0.26245035,
        "2.0": 0.26987928,
        "3.0": 0.11447734,
        "3.5": 0.15922897,
        "3.6": 0.16574943,
        "4.0": 0.13864609,
        "5.0": 0.12491824722,
        "6.0": 0.11607483772,
        "7.0": 0.11231987785,
        "8.0": 0.1099175139,
        "9.0": 0.10947448446,
        "10.0": 0.13648881239,
        "11.0": 0.10727634194,
        "12.0": 0.32545920726,
        "13.0": 0.31997363759,
        "14.0": 0.32063901888,
        "15.0": 0.12003646677,
        "16.0": 0.4501291268,
        "17.0": 0.4451057534
    },
    "allversions_speed": {
	    "1.0": 0,
        "1.5": 0,
        "2.0": 0,
        "3.0": 0,
        "3.5": 0,
        "3.6": 0,
        "4.0": 0,
        "4.0": 2660,
        "5.0": 3427,
        "6.0": 4150,
        "7.0": 4095,
        "8.0": 4272,
        "9.0": 4506,
        "10.0": 4476,
        "11.0": 4361,
        "12.0": 4437,
        "13.0": 4447,
        "14.0": 4366,
        "15.0": 4669,
        "16.0": 5533,
        "17.0": 5599
    },
    "allversions_mem": {
	    "1.0": 0,
        "1.5": 0,
        "2.0": 0,
        "3.0": 0,
        "3.5": 0,
        "3.6": 0,
        "4.0": 0,
        "4.0": 432,
        "5.0": 415,
        "6.0": 409,
        "7.0": 338,
        "8.0": 323,
        "9.0": 319,
        "10.0": 327,
        "11.0": 304,
        "12.0": 302,
        "13.0": 312,
        "14.0": 313,
        "15.0": 327,
        "16.0": 341,
        "17.0": 323
    },
    "allversions_crashes": {
        "1.0": 0,
        "1.5": 0,
        "2.0": 0,
        "3.0": 0,
        "3.5": 0,
        "3.6": 0,
        "4.0": 0,
        "5.0": 0,
        "6.0": 150979,
        "7.0": 23263,
        "8.0": 15293324,
        "9.0": 1053308,
        "10.0": 6262689,
        "11.0": 54993130,
        "12.0": 55904339,
        "13.0": 67732644,
        "14.0": 86995243,
        "15.0": 82832111,
        "16.0": 86094814,
        "17.0": 23183790
    },
    "allversions_defects_by_version": {
        "1.0": 230,
        "1.5": 148,
        "2.0": 1018,
        "3.0": 230,
        "3.5": 431,
        "3.6": 240,
        "4.0": 92,
        "5.0": 46,
        "6.0": 44,
        "7.0": 37,
        "8.0": 76,
        "9.0": 72,
        "10.0": 107,
        "11.0": 74,
        "12.0": 127,
        "13.0": 124,
        "14.0": 126,
        "15.0": 144,
        "16.0": 98,
        "17.0": 121
    },
    "allversions_defects_per_hundred_thousand_loc_code": {
        "1.0": 0,
        "1.5": 0,
        "2.0": 0,
        "3.0": 0,
        "3.5": 0,
        "3.6": 0,
        "4.0": 0,
        "5.0": 1.7725,
        "6.0": 1.7066,
        "7.0": 1.4322,
        "8.0": 2.9444,
        "9.0": 2.75,
        "10.0": 3.85,
        "11.0": 2.58,
        "12.0": 3.49,
        "13.0": 3.37,
        "14.0": 3.30,
        "15.0": 4.31,
        "16.0": 2.3207,
        "17.0": 2.8179
    },
    "allversions_defects_by_milestone": {
        "1.0": 382,
        "1.5": 1156,
        "2.0": 2071,
        "3.0": 440,
        "3.5": 614,
        "3.6": 1499,
        "4.0": 61,
        "5.0": 132,
        "6.0": 133,
        "7.0": 115,
        "8.0": 110,
        "9.0": 165,
        "10.0": 154,
        "11.0": 187,
        "12.0": 228,
        "13.0": 207,
        "14.0": 292,
        "15.0": 239,
        "16.0": 228,
        "17.0": 268
    }
}