{
    "allversions_mccabe": {
        "1.0": 460174,
        "1.5": 528837,
        "2.0": 553441,
        "3.0": 541930,
        "3.5": 599769,
        "3.6": 605276,
        "4.0": 703539,
        "5.0": 706764,
        "6.0": 703724,
        "7.0": 701347,
        "8.0": 696532,
        "9.0": 703711,
        "10.0": 734206,
        "11.0": 753126,
        "12.0": 763212,
        "13.0": 771481,
        "14.0": 794248,
        "15.0": 807593,
        "16.0": 834241,
        "17.0": 839949,
        "18.0": 893226,
        "19.0": 895619,
        "20.0": 898072
    },
    "allversions_mccabe_per_kloc": {
        "1.0": 198.860012273,
        "1.5": 214.032300103,
        "2.0": 214.148792591,
        "3.0": 213.21774547,
        "3.5": 210.875152504,
        "3.6": 203.557641247,
        "4.0": 195.577605812,
        "5.0": 193.507847899,
        "6.0": 192.992766789,
        "7.0": 191.934055517,
        "8.0": 187.098957774,
        "9.0": 186.308683538,
        "10.0": 186.344903273,
        "11.0": 185.027559089,
        "12.0": 185.700733083,
        "13.0": 185.630431147,
        "14.0": 183.956497913,
        "15.0": 182.547032376,
        "16.0": 169.144780167,
        "17.0": 167.184272737,
        "18.0": 166.43332147,
        "19.0": 165.341891939,
        "20.0": 163.474914073
    },
    "allversions_loc_code": {
        "1.0": 2314060,
        "1.5": 2470828,
        "2.0": 2584376,
        "3.0": 2541674,
        "3.5": 2844190,
        "3.6": 2973487,
        "4.0": 3597237,
        "5.0": 3652379,
        "6.0": 3646375,
        "7.0": 3654104,
        "8.0": 3722800,
        "9.0": 3777124,
        "10.0": 3940038,
        "11.0": 4070345,
        "12.0": 4109903,
        "13.0": 4156005,
        "14.0": 4317586,
        "15.0": 4424027,
        "16.0": 4932112,
        "17.0": 5024091,
        "18.0": 5366870,
        "19.0": 5416770,
        "20.0": 5493638
    },
    "allversions_dependencies_density_per_ten_thousand_file_pairs": {
        "1.0": 6.7278,
        "1.5": 6.6657,
        "2.0": 6.7065,
        "3.0": 4.7891,
        "3.5": 3.1684,
        "3.6": 2.9047,
        "4.0": 2.3967,
        "5.0": 2.3996,
        "6.0": 2.4685,
        "7.0": 2.5122,
        "8.0": 2.4086,
        "9.0": 2.3061,
        "10.0": 2.2111,
        "11.0": 2.1199,
        "12.0": 2.0999,
        "13.0": 2.0742,
        "14.0": 2.0249,
        "15.0": 1.9528,
        "16.0": 1.8152,
        "17.0": 1.7867,
        "18.0": 1.6954,
        "19.0": 1.6900,
        "20.0": 1.6522
    },
    "allversions_dependencies_density": {
        "1.0": 0.00067278,
        "1.5": 0.00066657,
        "2.0": 0.00067065,
        "3.0": 0.00047891,
        "3.5": 0.00031684,
        "3.6": 0.00029047,
        "4.0": 0.00023967,
        "5.0": 0.00023996,
        "6.0": 0.00024685,
        "7.0": 0.00025122,
        "8.0": 0.00024086,
        "9.0": 0.00023061,
        "10.0": 0.00022111,
        "11.0": 0.00021199,
        "12.0": 0.00020999,
        "13.0": 0.00020742,
        "14.0": 0.00020249,
        "15.0": 0.00019528,
        "16.0": 0.00018152,
        "17.0": 0.00017867,
        "18.0": 0.00016954,
        "19.0": 0.000169,
        "20.0": 0.00016522
    },
    "allversions_prop_cost": {
        "1.0": 0.037467,
        "1.5": 0.049154,
        "2.0": 0.041351,
        "3.0": 0.068112,
        "3.5": 0.032056,
        "3.6": 0.040722,
        "4.0": 0.058408,
        "5.0": 0.052063,
        "6.0": 0.057547,
        "7.0": 0.066227,
        "8.0": 0.058597,
        "9.0": 0.055284,
        "10.0": 0.057573,
        "11.0": 0.04958,
        "12.0": 0.053399,
        "13.0": 0.046829,
        "14.0": 0.05823,
        "15.0": 0.057109,
        "16.0": 0.053105,
        "17.0": 0.068548,
        "18.0": 0.063791,
        "19.0": 0.061463,
        "20.0": 0.067643
    },
    "allversions_core_size": {
        "1.0": 3552,
        "1.5": 3406,
        "2.0": 3633,
        "3.0": 6588,
        "3.5": 8789,
        "3.6": 9297,
        "4.0": 9881,
        "5.0": 11643,
        "6.0": 12108,
        "7.0": 12938,
        "8.0": 12364,
        "9.0": 12503,
        "10.0": 13078,
        "11.0": 13290,
        "12.0": 13899,
        "13.0": 12403,
        "14.0": 14722,
        "15.0": 15016,
        "16.0": 16027,
        "17.0": 16236,
        "18.0": 15252,
        "19.0": 15315,
        "20.0": 16432
    },
    "allversions_percent_in_core": {
        "1.0": 0.2770238652,
        "1.5": 0.2541791045,
        "2.0": 0.2682962854,
        "3.0": 0.41151852083,
        "3.5": 0.4090760996,
        "3.6": 0.41122611465,
        "4.0": 0.35867000617,
        "5.0": 0.4203552603,
        "6.0": 0.44495075701,
        "7.0": 0.4718109547,
        "8.0": 0.44430070432,
        "9.0": 0.44106960172,
        "10.0": 0.44091568052,
        "11.0": 0.42659048597,
        "12.0": 0.44175698439,
        "13.0": 0.38912593336,
        "14.0": 0.4455811138,
        "15.0": 0.44088199888,
        "16.0": 0.43681011692,
        "17.0": 0.43466388241,
        "18.0": 0.38520988028,
        "19.0": 0.38075230589,
        "20.0": 0.4075194683
    },
    "allversions_percent_in_core_at_discontinuity": {
        "1.0": 0.0285,
        "1.5": 0.0440,
        "2.0": 0.0340,
        "3.0": 0.1313,
        "3.5": 0.1087,
        "3.6": 0.0947,
        "4.0": 0.1382,
        "5.0": 0.1304,
        "6.0": 0.1407,
        "7.0": 0.1593,
        "8.0": 0.1489,
        "9.0": 0.1373,
        "10.0": 0.1389,
        "11.0": 0.1252,
        "12.0": 0.1307,
        "13.0": 0.1308,
        "14.0": 0.1426,
        "15.0": 0.1405,
        "16.0": 0.1264,
        "17.0": 0.1593,
        "18.0": 0.1542,
        "19.0": 0.1510,
        "20.0": 0.1662
    },
    "allversions_speed": {
	    "1.0": 0,
        "1.5": 0,
        "2.0": 0,
        "3.0": 0,
        "3.5": 0,
        "3.6": 0,
        "4.0": 0,
        "4.0": 2660,
        "5.0": 3427,
        "6.0": 4150,
        "7.0": 4095,
        "8.0": 4272,
        "9.0": 4506,
        "10.0": 4476,
        "11.0": 4361,
        "12.0": 4437,
        "13.0": 4447,
        "14.0": 4366,
        "15.0": 4669,
        "16.0": 5533,
        "17.0": 5599,
        "18.0": 10188,
        "19.0": 10315,
        "20.0": 11648
    },
    "allversions_mem": {
	    "1.0": 0,
        "1.5": 0,
        "2.0": 0,
        "3.0": 0,
        "3.5": 0,
        "3.6": 0,
        "4.0": 0,
        "4.0": 432,
        "5.0": 415,
        "6.0": 409,
        "7.0": 338,
        "8.0": 323,
        "9.0": 319,
        "10.0": 327,
        "11.0": 304,
        "12.0": 302,
        "13.0": 312,
        "14.0": 313,
        "15.0": 327,
        "16.0": 341,
        "17.0": 323,
        "18.0": 328,
        "19.0": 336
    },
    "allversions_defects_by_version": {
        "1.0": 230,
        "1.5": 148,
        "2.0": 1018,
        "3.0": 230,
        "3.5": 431,
        "3.6": 240,
        "4.0": 92,
        "5.0": 48,
        "6.0": 51,
        "7.0": 47,
        "8.0": 74,
        "9.0": 75,
        "10.0": 105,
        "11.0": 77,
        "12.0": 131,
        "13.0": 136,
        "14.0": 126,
        "15.0": 136,
        "16.0": 95,
        "17.0": 143,
        "18.0": 131,
        "19.0": 134,
        "20.0": 92
    },
    "allversions_defects_per_hundred_thousand_loc_code": {
        "1.0": 0,
        "1.5": 0,
        "2.0": 0,
        "3.0": 0,
        "3.5": 0,
        "3.6": 0,
        "4.0": 0,
        "5.0": 1.32213012,
        "6.0": 1.4074875,
        "7.0": 1.29448198,
        "8.0": 2.00183249,
        "9.0": 2.00156229,
        "10.0": 2.69041337,
        "11.0": 1.91174919,
        "12.0": 3.59554164,
        "13.0": 3.34543183,
        "14.0": 2.95310539,
        "15.0": 3.11540824,
        "16.0": 1.952131275,
        "17.0": 2.88589688428,
        "18.0": 2.47637846851,
        "19.0": 2.51097332822,
        "20.0": 1.70137785716
    },
    "allversions_files_with_dependencies": {
        "1.0": 12822,
        "1.5": 13400,
        "2.0": 13541,