{
    "allversions_mccabe": {
        "1.0": 460174,
        "1.5": 528837,
        "2.0": 553441,
        "3.0": 541774,
        "3.5": 599684,
        "3.6": 604990,
        "4.0": 700122,
        "5.0": 703290,
        "6.0": 700158,
        "7.0": 697713,
        "8.0": 691727,
        "9.0": 699074,
        "10.0": 728308,
        "11.0": 746809,
        "12.0": 728918,
        "13.0": 756437,
        "14.0": 786630,
        "15.0": 798688,
        "16.0": 825188,
        "17.0": 829881,
        "18.0": 881354,
        "19.0": 883256,
        "20.0": 884877
    },
    "allversions_mccabe_per_kloc": {
        "1.0": 198.860012273,
        "1.5": 214.032300103,
        "2.0": 214.148792591,
        "3.0": 213.243371643,
        "3.5": 210.9111167,
        "3.6": 203.605115318,
        "4.0": 195.798888056,
        "5.0": 193.716852063,
        "6.0": 193.2281637,
        "7.0": 192.16529929,
        "8.0": 187.124538057,
        "9.0": 186.565353811,
        "10.0": 186.614245457,
        "11.0": 185.417077879,
        "12.0": 186.0741481,
        "13.0": 186.0741482,
        "14.0": 184.3651819,
        "15.0": 182.9587628,
        "16.0": 169.5658213,
        "17.0": 167.479090365,
        "18.0": 166.60809685,
        "19.0": 165.509869999,
        "20.0": 163.642405881
    },
    "allversions_loc_code": {
        "1.0": 2314060,
        "1.5": 2470828,
        "2.0": 2584376,
        "3.0": 2540637,
        "3.5": 2843302,
        "3.6": 2971389,
        "4.0": 3575720,
        "5.0": 3630505,
        "6.0": 3623478,
        "7.0": 3630796,
        "8.0": 3696613,
        "9.0": 3747073,
        "10.0": 3902746,
        "11.0": 4027725,
        "12.0": 4065245,
        "13.0": 4065245,
        "14.0": 4266695,
        "15.0": 4365399,
        "16.0": 4866476,
        "17.0": 4955132,
        "18.0": 5289983,
        "19.0": 5336576,
        "20.0": 5407382
    },
    "allversions_dependencies_density": {
        "1.0": 0.00067278,
        "1.5": 0.00066657,
        "2.0": 0.00067065,
        "3.0": 0.00047345,
        "3.5": 0.00031505,
        "3.6": 0.0002896,
        "4.0": 0.00023898,
        "5.0": 0.00023778,
        "6.0": 0.00024447,
        "7.0": 0.00024925,
        "8.0": 0.00023818,
        "9.0": 0.00022809,
        "10.0": 0.00022063,
        "11.0": 0.0002113,
        "12.0": 0.00021048,
        "13.0": 0.00026967,
        "14.0": 0.00020279,
        "15.0": 0.00019609,
        "16.0": 0.00018289,
        "17.0": 0.00017932,
        "18.0": 0.0001699,
        "19.0": 0.00016742,
        "20.0": 0.00016522
    },
    "allversions_prop_cost": {
        "1.0": 0.037467,
        "1.5": 0.049154,
        "2.0": 0.041351,
        "3.0": 0.064789,
        "3.5": 0.021778,
        "3.6": 0.037677,
        "4.0": 0.053315,
        "5.0": 0.048858,
        "6.0": 0.051651,
        "7.0": 0.060078,
        "8.0": 0.052077,
        "9.0": 0.049625,
        "10.0": 0.053199,
        "11.0": 0.05307,
        "12.0": 0.04686,
        "13.0": 0.069871,
        "14.0": 0.052304,
        "15.0": 0.049461,
        "16.0": 0.046876,
        "17.0": 0.069308,
        "18.0": 0.064512,
        "19.0": 0.05591,
        "20.0": 0.067643
    },
    "allversions_core_size": {
        "1.0": 3552,
        "1.5": 3406,
        "2.0": 3633,
        "3.0": 6584,
        "3.5": 8749,
        "3.6": 8877,
        "4.0": 10127,
        "5.0": 11577,
        "6.0": 12121,
        "7.0": 12807,
        "8.0": 12204,
        "9.0": 12357,
        "10.0": 14014,
        "11.0": 13207,
        "12.0": 11384,
        "13.0": 12849,
        "14.0": 12806,
        "15.0": 13269,
        "16.0": 13304,
        "17.0": 16237,
        "18.0": 15255,
        "19.0": 15375,
        "20.0": 16432
    },
    "allversions_percent_in_core": {
        "1.0": 0.2770238652,
        "1.5": 0.2541791045,
        "2.0": 0.2682962854,
        "3.0": 0.4114742829,
        "3.5": 0.407536799,
        "3.6": 0.3929614874,
        "4.0": 0.3683751046,
        "5.0": 0.4188343403,
        "6.0": 0.4464292291,
        "7.0": 0.4681434368,
        "8.0": 0.3484368308,
        "9.0": 0.437354003,
        "10.0": 0.4740866035,
        "11.0": 0.4254421287,
        "12.0": 0.3650824193,
        "13.0": 0.497252322,
        "14.0": 0.3910587229,
        "15.0": 0.3920867561,
        "16.0": 0.3662995595,
        "17.0": 0.4371365496,
        "18.0": 0.3874974599,
        "19.0": 0.3846057635,
        "20.0": 0.4075194683
    },
    "allversions_speed": {
	    "1.0": 0,
        "1.5": 0,
        "2.0": 0,
        "3.0": 0,
        "3.5": 0,
        "3.6": 0,
        "4.0": 0,
        "4.0": 2660,
        "5.0": 3427,
        "6.0": 4150,
        "7.0": 4095,
        "8.0": 4272,
        "9.0": 4506,
        "10.0": 4476,
        "11.0": 4361,
        "12.0": 4437,
        "13.0": 4447,
        "14.0": 4366,
        "15.0": 4669,
        "16.0": 5533,
        "17.0": 5599,
        "18.0": 10188,
        "19.0": 10315,
        "20.0": 11648
    },
    "allversions_mem": {
	    "1.0": 0,
        "1.5": 0,
        "2.0": 0,
        "3.0": 0,
        "3.5": 0,
        "3.6": 0,
        "4.0": 0,
        "4.0": 432,
        "5.0": 415,
        "6.0": 409,
        "7.0": 338,
        "8.0": 323,
        "9.0": 319,
        "10.0": 327,
        "11.0": 304,
        "12.0": 302,
        "13.0": 312,
        "14.0": 313,
        "15.0": 327,
        "16.0": 341,
        "17.0": 323,
        "18.0": 328,
        "19.0": 336,
        "20.0": 390
    },
    "allversions_defects_by_version": {
        "1.0": 230,
        "1.5": 148,
        "2.0": 1018,
        "3.0": 230,
        "3.5": 431,
        "3.6": 240,
        "4.0": 92,
        "5.0": 48,
        "6.0": 51,
        "7.0": 47,
        "8.0": 74,
        "9.0": 75,
        "10.0": 105,
        "11.0": 77,
        "12.0": 131,
        "13.0": 136,
        "14.0": 126,
        "15.0": 136,
        "16.0": 95,
        "17.0": 143,
        "18.0": 131,
        "19.0": 134,
        "20.0": 92
    },
    "allversions_defects_per_hundred_thousand_loc_code": {
        "1.0": 0,
        "1.5": 0,
        "2.0": 0,
        "3.0": 0,
        "3.5": 0,
        "3.6": 0,
        "4.0": 0,
        "5.0": 1.32213012,
        "6.0": 1.4074875,
        "7.0": 1.29448198,
        "8.0": 2.00183249,
        "9.0": 2.00156229,
        "10.0": 2.69041337,
        "11.0": 1.91174919,
        "12.0": 3.59554164,
        "13.0": 3.34543183,
        "14.0": 2.95310539,
        "15.0": 3.11540824,
        "16.0": 1.952131275,
        "17.0": 2.88589688428,
        "18.0": 2.47637846851,
        "19.0": 2.51097332822,
        "20.0": 1.70137785716
    },
    "allversions_files_with_dependencies": {
        "1.0": 12822,
        "1.5": 13400,
        "2.0": 13541,
        "3.0": 16001,
        "3.5": 21468,
        "3.6": 22590,
        "4.0": 27491,
        "5.0": 27641,
        "6.0": 27151,
        "7.0": 27357,
        "8.0": 27758,
        "9.0": 28254,
        "10.0": 29560,
        "11.0": 31043,
        "12.0": 31182,
        "13.0": 25840,
        "14.0": 32747,
        "15.0": 33842,
        "16.0": 36320,
        "17.0": 37144,
        "18.0": 39368,
        "19.0": 39976,
        "20.0": 40322
    },
    "allversions_defects_by_milestone": {
        "1.0": 382,
        "1.5": 1156,
        "2.0": 2071,
        "3.0": 440,
        "3.5": 614,
        "3.6": 1499,
        "4.0": 61,
        "5.0": 132,
        "6.0": 133,
        "7.0": 115,
        "8.0": 110,
        "9.0": 165,
        "10.0": 154,
        "11.0": 187,
        "12.0": 228,
        "13.0": 207,
        "14.0": 292,
        "15.0": 239,
        "16.0": 228,
        "17.0": 268,
        "18.0": 0,
        "19.0": 0,
        "20.0": 0
    },
    "allversions_crashes": {
        "1.0": 0,
        "1.5": 0,
        "2.0": 0,
        "3.0": 0,
        "3.5": 0,
        "3.6": 0,
        "4.0": 0,
        "5.0": 0,
        "6.0": 150979,
        "7.0": 23263,
        "8.0": 15293324,