{
  "json_data": [
  	{
    	"version": "20",
    	"data": [{
    		"mccabe": 898072,
    		"wmc_sum_cyclomatic": 1029795,
    		"loc": 9665312,
    		"loc_code": 5493638,
    		"files": 49490,
    		"files_with_dependencies": 40582,
    		"dependencies_density": 0.00016636,
    		"prop_cost": 0.068678,
    		"core_size": 16518,
    		"periphery_size": 6177,
    		"shared_size": 12347,
    		"control_size": 5537,
    		"percent_in_core": 0.40702774629,
    		"percent_in_core_at_discontinuity": 0.1692,
    		"speed": 11648,
    		"mem": 390,
    		"defects": 92,
    		"defects_per_kloc": 0.01674664402,
    		"crashes": 0
		}]
    },
    {
    	"version": "19",
    	"data": [{
    		"mccabe": 895619,
    		"wmc_sum_cyclomatic": 1018403,
    		"loc": 9525452,
    		"loc_code": 5416770,
    		"files": 49006,
    		"files_with_dependencies": 40223,
    		"dependencies_density": 0.000169,
    		"prop_cost": 0.061463,
    		"core_size": 15315,
    		"periphery_size": 6569,
    		"shared_size": 13330,
    		"control_size": 5007,
    		"percent_in_core": 0.38075230589,
    		"percent_in_core_at_discontinuity": 0.1510,
    		"speed": 10315,
    		"mem": 336,
    		"defects": 134,
    		"defects_per_kloc": 0.02473798961,
    		"crashes": 0
		}]
    },
  	{
    	"version": "18",
    	"data": [{
    		"mccabe": 893226,
    		"wmc_sum_cyclomatic": 1008369,
    		"loc": 9450075,
    		"loc_code": 5366870,
    		"files": 48304,
    		"files_with_dependencies": 39594,
    		"dependencies_density": 0.00016954,
    		"prop_cost": 0.063791,
    		"core_size": 15252,
    		"periphery_size": 6287,
    		"shared_size": 12980,
    		"control_size": 5070,
    		"percent_in_core": 0.38520988028,
    		"percent_in_core_at_discontinuity": 0.1542,
    		"speed": 10247,
    		"mem": 328,
    		"defects": 131,
    		"defects_per_kloc": 0.02440901307,
    		"crashes": 0
		}]
    },
  	{
    	"version": "17",
    	"data": [{
    		"mccabe": 839949,
    		"wmc_sum_cyclomatic": 937901,
    		"loc": 8869289,
    		"loc_code": 5024091,
    		"files": 45752,
    		"files_with_dependencies": 37353,
    		"dependencies_density": 0.00017867,
    		"prop_cost": 0.068548,
    		"core_size": 16236,
    		"periphery_size": 5365,
    		"shared_size": 10271,
    		"control_size": 5479,
    		"percent_in_core": 0.43466388241,
    		"percent_in_core_at_discontinuity": 0.1593,
    		"speed": 8804,
    		"mem": 323,
    		"defects": 143,
    		"defects_per_kloc": 0.02846286024,
    		"crashes": 3624920
		}]
    },
	{
    	"version": "16",
    	"data": [{
    		"mccabe": 834241,
    		"wmc_sum_cyclomatic": 922480,
    		"loc": 8720820,
    		"loc_code": 4932112,
    		"files": 44942,
    		"files_with_dependencies": 36691,
    		"dependencies_density": 0.00018152,
    		"prop_cost": 0.053105,
    		"core_size": 16027,
    		"periphery_size": 5477,
    		"shared_size": 9983,
    		"control_size": 5202,
    		"percent_in_core": 0.43681011692,
    		"percent_in_core_at_discontinuity": 0.1264,
    		"speed": 9145,
    		"mem": 341,
    		"defects": 95,
    		"defects_per_kloc": 0.01926152528,
    		"crashes": 86094814
		}]
    },
	{
    	"version": "15",
    	"data": [{
    		"mccabe": 807593,
    		"wmc_sum_cyclomatic": 839819,
    		"loc": 7916706,
    		"loc_code": 4424027,
    		"files": 41990,
    		"files_with_dependencies": 34059,
    		"dependencies_density": 0.00019528,
    		"prop_cost": 0.057109,
    		"core_size": 15016,
    		"periphery_size": 5144,
    		"shared_size": 8909,
    		"control_size": 4987,
    		"percent_in_core": 0.44088199888,
    		"percent_in_core_at_discontinuity": 0.1405,
    		"speed": 9178,
    		"mem": 327,
    		"defects": 136,
    		"defects_per_kloc": 0.03074122287,
    		"crashes": 82832111
		}]
    },
	{	
    	"version": "14",
    	"data": [{
    		"mccabe": 794248,
    		"wmc_sum_cyclomatic": 819908,
    		"loc": 8100030,
    		"loc_code": 4317586,
    		"files": 40801,
    		"files_with_dependencies": 33040,
    		"dependencies_density": 0.00020249,
    		"prop_cost": 0.05823,
    		"core_size": 14722,
    		"periphery_size": 4863,
    		"shared_size": 8425,
    		"control_size": 5029,
    		"percent_in_core": 0.4455811138,
    		"percent_in_core_at_discontinuity": 0.1426,
    		"speed": 4366,
    		"mem": 313,
    		"defects": 126,
    		"defects_per_kloc": 0.0295310539,
    		"crashes": 86995243
		}]
    },
	{	
    	"version": "13",
    	"data": [{
    		"mccabe": 771481,
    		"wmc_sum_cyclomatic": 792577,
    		"loc": 7860485,
    		"loc_code": 4156005,
    		"files": 39640,
    		"files_with_dependencies": 31874,
    		"dependencies_density": 0.00020742,
    		"prop_cost": 0.046829,
    		"core_size": 12403,
    		"periphery_size": 5938,
    		"shared_size": 9991,
    		"control_size": 3540,
    		"percent_in_core": 0.38912593336,
    		"percent_in_core_at_discontinuity": 0.1308,
    		"speed": 4447,
    		"mem": 312,
    		"defects": 136,
    		"defects_per_kloc": 0.0334543183,
    		"crashes": 67732644
		}]
    },
	{	
    	"version": "12",
    	"data": [{
    		"mccabe": 763212,
    		"wmc_sum_cyclomatic": 784165,
    		"loc": 7782228,
    		"loc_code": 4109903,
    		"files": 38976,
    		"files_with_dependencies": 31463,
    		"dependencies_density": 0.00020999,
    		"prop_cost": 0.053399,
    		"core_size": 13899,
    		"periphery_size": 4787,
    		"shared_size": 8133,
    		"control_size": 4640,
    		"percent_in_core": 0.44175698439,
    		"percent_in_core_at_discontinuity": 0.1307,
    		"speed": 4437,
    		"mem": 302,
    		"defects": 131,
    		"defects_per_kloc": 0.0359554164,
    		"crashes": 55904339
		}]
    },
	{	
    	"version": "11",
    	"data": [{
    		"mccabe": 753126,
    		"wmc_sum_cyclomatic": 773854,
    		"loc": 7709834,
    		"loc_code": 4070345,
    		"files": 38784,
    		"files_with_dependencies": 31154,
    		"dependencies_density": 0.00021199,
    		"prop_cost": 0.04958,
    		"core_size": 13290,
    		"periphery_size": 4461,
    		"shared_size": 7333,
    		"control_size": 4576,
    		"percent_in_core": 0.42659048597,
    		"percent_in_core_at_discontinuity": 0.1252,
    		"speed": 4361,
    		"mem": 304,
    		"defects": 77,
    		"defects_per_kloc": 0.0191174919,
    		"crashes": 54993130
		}]
    },
	{	
    	"version": "10",
    	"data": [{
    		"mccabe": 734206,
    		"wmc_sum_cyclomatic": 753405,
    		"loc": 7501123,
    		"loc_code": 3940038,
    		"files": 37244,
    		"files_with_dependencies": 29661,
    		"dependencies_density": 0.00022111,
    		"prop_cost": 0.057573,
    		"core_size": 13078,
    		"periphery_size": 5338,
    		"shared_size": 8770,
    		"control_size": 3963,
    		"percent_in_core": 0.44091568052,
    		"percent_in_core_at_discontinuity": 0.1389,
    		"speed": 4476,
    		"mem": 327,
    		"defects": 105,
    		"defects_per_kloc": 0.0269041337,
    		"crashes": 6262689
		}]
    },
	{	
    	"version": "9",
    	"data": [{
    		"mccabe": 703711,
    		"wmc_sum_cyclomatic": 719319,
    		"loc": 7227775,
    		"loc_code": 3777124,
    		"files": 35827,
    		"files_with_dependencies": 28347,
    		"dependencies_density": 0.00023061,
    		"prop_cost": 0.055284,
    		"core_size": 12503,
    		"periphery_size": 4152,
    		"shared_size": 6987,
    		"control_size": 4702,
    		"percent_in_core": 0.44106960172,
    		"percent_in_core_at_discontinuity": 0.1373,
    		"speed": 4506,
    		"mem": 319,
    		"defects": 75,
    		"defects_per_kloc": 0.0200156229,
    		"crashes": 1053308
		}]
    },
	{	
    	"version": "8",
    	"data": [{
    		"mccabe": 696532,
    		"wmc_sum_cyclomatic": 706626,
    		"loc": 7128982,
    		"loc_code": 3722800,
    		"files": 35100,
    		"files_with_dependencies": 27828,
    		"dependencies_density": 0.00024086,
    		"prop_cost": 0.058597,
    		"core_size": 12364,
    		"periphery_size": 4059,
    		"shared_size": 6794,
    		"control_size": 4605,
    		"percent_in_core": 0.44430070432,
    		"percent_in_core_at_discontinuity": 0.1489,
    		"speed": 4272,