{
    "allversions_mccabe": {
        "1.0": 460174,
        "1.5": 528837,
        "2.0": 553441,
        "3.0": 541930,
        "3.5": 599769,
        "3.6": 605276,
        "4.0": 703539,
        "5.0": 706764,
        "6.0": 703724,
        "7.0": 701347,
        "8.0": 696532,
        "9.0": 703711,
        "10.0": 734206,
        "11.0": 753126,
        "12.0": 763212,
        "13.0": 771481,
        "14.0": 794248,
        "15.0": 807593,
        "16.0": 834241,
        "17.0": 839949,
        "18.0": 893226,
        "19.0": 895619,
        "20.0": 898072
    },
    "allversions_mccabe_per_kloc": {
        "1.0": 198.860012273,
        "1.5": 214.032300103,
        "2.0": 214.148792591,
        "3.0": 213.21774547,
        "3.5": 210.875152504,
        "3.6": 203.557641247,
        "4.0": 195.577605812,
        "5.0": 193.507847899,
        "6.0": 192.992766789,
        "7.0": 191.934055517,
        "8.0": 187.098957774,
        "9.0": 186.308683538,
        "10.0": 186.344903273,
        "11.0": 185.027559089,
        "12.0": 185.700733083,
        "13.0": 185.630431147,
        "14.0": 183.956497913,
        "15.0": 182.547032376,
        "16.0": 169.144780167,
        "17.0": 167.184272737,
        "18.0": 166.43332147,
        "19.0": 165.341891939,
        "20.0": 163.474914073
    },
    "allversions_mccabe_per_kloc_no_unit_tests": {
        "1.0": 201.287554449749,
        "1.5": 215.600538120571,
        "2.0": 215.578933742795,
        "3.0": 217.952882797128,
        "3.5": 216.374285983872,
        "3.6": 206.70558655385,
        "4.0": 191.75801955192,
        "5.0": 191.141557913584,
        "6.0": 191.14700937416,
        "7.0": 189.303523024985,
        "8.0": 187.53913303872,
        "9.0": 186.872289070515,
        "10.0": 187.866464333523,
        "11.0": 185.993527692173,
        "12.0": 187.460306223749,
        "13.0": 187.081859247912,
        "14.0": 184.710406490156,
        "15.0": 183.777855772395,
        "16.0": 165.092824564784,
        "17.0": 162.887003170904,
        "18.0": 161.214440688936,
        "19.0": 159.529780112074,
        "20.0": 155.671345622134
    },
    "allversions_chromium_mccabe_per_kloc_no_unit_tests": {
        "1.0": 124.519109924,
        "2.0": 157.315745076,
        "3.0": 131.590569118,
        "4.0": 115.227140663,
        "4.1": 110.13981531,
        "5.0": 108.281234583,
        "6.0": 127.460000151,
        "7.0": 127.283880387,
        "8.0": 128.624185808,
        "9.0": 126.451965914,
        "10.0": 124.968849222,
        "11.0": 123.366844011,
        "12.0": 123.503658799,
        "13.0": 121.024537034,
        "14.0": 117.637176471,
        "15.0": 120.890606027,
        "16.0": 121.028131593,
        "17.0": 118.609859133,
        "18.0": 118.814216749,
        "19.0": 116.167275525,
        "20.0": 118.678390054,
        "21.0": 116.579319746,
        "22.0": 113.839928725
    },
    "allversions_loc_code": {
        "1.0": 2314060,
        "1.5": 2470828,
        "2.0": 2584376,
        "3.0": 2541674,
        "3.5": 2844190,
        "3.6": 2973487,
        "4.0": 3597237,
        "5.0": 3652379,
        "6.0": 3646375,
        "7.0": 3654104,
        "8.0": 3722800,
        "9.0": 3777124,
        "10.0": 3940038,
        "11.0": 4070345,
        "12.0": 4109903,
        "13.0": 4156005,
        "14.0": 4317586,
        "15.0": 4424027,
        "16.0": 4932112,
        "17.0": 5024091,
        "18.0": 5366870,
        "19.0": 5416770,
        "20.0": 5493638
    },
    "allversions_loc_code_no_unit_tests": {
        "1.0": 2141424,
        "1.5": 2299113,
        "2.0": 2410319,
        "3.0": 2114769,
        "3.5": 2066655,
        "3.6": 2230051,
        "4.0": 2643321,
        "5.0": 2654101,
        "6.0": 2639063,
        "7.0": 2645170,
        "8.0": 2644824,
        "9.0": 2686348,
        "10.0": 2851403,
        "11.0": 2953506,
        "12.0": 2980631,
        "13.0": 3017973,
        "14.0": 3144701,
        "15.0": 3199651,
        "16.0": 3549276,
        "17.0": 3612535,
        "18.0": 3924605,
        "19.0": 3951513,
        "20.0": 4012434
    },
    "allversions_chromium_loc_code_no_unit_tests": {
        "1.0": 1042338,
        "2.0": 896204,
        "3.0": 1274833,
        "4.0": 2689809,
        "4.1": 2846827,
        "5.0": 3263354,
        "6.0": 4226016,
        "7.0": 4354267,
        "8.0": 4460864,
        "9.0": 4799269,
        "10.0": 5080130,
        "11.0": 5157958,
        "12.0": 5161256,
        "13.0": 5364218,
        "14.0": 5809524,
        "15.0": 6018284,
        "16.0": 6110852,
        "17.0": 6367700,
        "18.0": 6532661,
        "19.0": 6785930,
        "20.0": 6958967,
        "21.0": 7130570,
        "22.0": 7331584
    },
    "allversions_dependencies_density_per_ten_thousand_file_pairs": {
        "1.0": 6.7278,
        "1.5": 6.6657,
        "2.0": 6.7065,
        "3.0": 4.7891,
        "3.5": 3.1684,
        "3.6": 2.9047,
        "4.0": 2.3967,
        "5.0": 2.3996,
        "6.0": 2.4685,
        "7.0": 2.5122,
        "8.0": 2.4086,
        "9.0": 2.3061,
        "10.0": 2.2111,
        "11.0": 2.1199,
        "12.0": 2.0999,
        "13.0": 2.0742,
        "14.0": 2.0249,
        "15.0": 1.9528,
        "16.0": 1.8152,
        "17.0": 1.7867,
        "18.0": 1.6954,
        "19.0": 1.6900,
        "20.0": 1.6522
    },
    "allversions_dependencies_density_per_ten_thousand_file_pairs_no_unit_tests": {
        "1.0": 8.6751,
        "1.5": 8.5613,
        "2.0": 8.5613,
        "3.0": 10.261,
        "3.5": 10.636,
        "3.6": 9.9093,
        "4.0": 8.4304,
        "5.0": 8.5683,
        "6.0": 8.903,
        "7.0": 9.0719,
        "8.0": 9.0307,
        "9.0": 9.0188,
        "10.0": 7.9921,
        "11.0": 7.2939,
        "12.0": 7.1646,
        "13.0": 7.2487,
        "14.0": 6.7559,
        "15.0": 6.6324,
        "16.0": 5.8461,
        "17.0": 5.6841,
        "18.0": 5.173,
        "19.0": 5.2075,
        "20.0": 5.2051
    },
    "allversions_chromium_dependencies_density_per_ten_thousand_file_pairs_no_unit_tests": {
        "1.0": 14.64,
        "2.0": 18.202,
        "3.0": 12.269,
        "4.0": 5.6747,
        "4.1": 5.7025,
        "5.0": 4.9921,
        "6.0": 3.9249,
        "7.0": 3.7375,
        "8.0": 3.655,
        "9.0": 3.3497,
        "10.0": 3.1141,
        "11.0": 3.2811,
        "12.0": 3.2991,
        "13.0": 3.2319,
        "14.0": 2.9121,
        "15.0": 2.9235,
        "16.0": 2.9052,
        "17.0": 2.6948,
        "18.0": 2.6158,
        "19.0": 2.522,
        "20.0": 2.4442,
        "21.0": 2.376,
        "22.0": 2.2985
    },
    "allversions_dependencies_density": {
        "1.0": 0.00067278,
        "1.5": 0.00066657,
        "2.0": 0.00067065,
        "3.0": 0.00047891,
        "3.5": 0.00031684,
        "3.6": 0.00029047,
        "4.0": 0.00023967,
        "5.0": 0.00023996,
        "6.0": 0.00024685,
        "7.0": 0.00025122,
        "8.0": 0.00024086,
        "9.0": 0.00023061,
        "10.0": 0.00022111,
        "11.0": 0.00021199,
        "12.0": 0.00020999,
        "13.0": 0.00020742,
        "14.0": 0.00020249,
        "15.0": 0.00019528,
        "16.0": 0.00018152,
        "17.0": 0.00017867,
        "18.0": 0.00016954,
        "19.0": 0.000169,
        "20.0": 0.00016522
    },
    "allversions_dependencies_density_no_unit_tests": {
        "1.0": 0.00086751,
        "1.5": 0.00085613,
        "2.0": 0.00085613,
        "3.0": 0.0010261,
        "3.5": 0.0010636,
        "3.6": 0.00099093,
        "4.0": 0.00084304,
        "5.0": 0.00085683,
        "6.0": 0.0008903,
        "7.0": 0.00090719,
        "8.0": 0.00090307,
        "9.0": 0.00090188,
        "10.0": 0.00079921,
        "11.0": 0.00072939,
        "12.0": 0.00071646,
        "13.0": 0.00072487,
        "14.0": 0.00067559,
        "15.0": 0.00066324,
        "16.0": 0.00058461,
        "17.0": 0.00056841,
        "18.0": 0.0005173,
        "19.0": 0.00052075,
        "20.0": 0.00052051
    },